小的时候就那么欺负同学，长大了还不上天了，，,0
@天下归魏_LOTK 气死我了,-1
回复@半夜吃芒果:不会的，我们多跟孩子交流就不会有这样的事发生,0
回复@天下归魏_LOTK:气死我了气死我了，要是咱俩以后得小孩，让外地哈啦欺负了怎么办 ,-1
心痛这个小朋友，我也经历过一些被孤立被嘲笑的校园日子。算不上很重度，但一直到现在还是有些害怕的阴影:担心别人不喜欢自己，一对比就自卑……当时也没有老师去管我，真心希望校园社会重重关注这个问题，这不是玩笑！处理不当，会创造出未来更多的心理缺陷者和破坏者。 ,-1
真的是很久远的事了..应该是16年前的一个下雨天的黄昏..现在已经记不得事情原委了..我也是被叫到校长和一堆老师间谈话..只记得那天天幕垂的快压下来...健忘也有健忘的好处吧就像我现在一点也记不起事情起因了..再然后我就转学了..其实我也想知道那天到底发生了什么 ..好像是我说了不能说的话...,0
我认为学校应该加强校园安全隐患问题，远离校园暴力事件发生，让每一个孩子都健康快乐成长。,0
小学时候有个男生总欺负我，现在想起来还记得当时一个人的那种无助和忍让，自己都鄙视自己当年太软弱，被欺负都不敢反抗，不过后来他落魄到去我爸爸工作的单位当零时工，干最脏最累的活，果真天道好轮回,-1
这是育人的老师吗，垃圾啊,-1
可能霸凌这个词语真的有点重，但是就算是过分的玩笑，难道不应该让孩子给别人道歉么？家长难道不会为了没有教育好孩子要把握分寸向博主道歉么？老师居然还强制“和好”? ,-1
霸凌这个词一点都不重！同意后面的话,-1
广西13岁男孩杀死3个孩子，这就是前车之鉴！中国的法律不到18岁不能承担刑事责任，难道三个孩子就白死了？同理，这个扣人家孩子一身屎尿的孩子做错了事没有任何悔改之意，连同的人一起包庇，这孩子将来得祸害多少人？ ,-1
这个很简单的，叫几个小混混，或者学校里高年纪的小混混，赌住两个熊崽子按厕所里打一顿。就行了。,-1
我去，太气愤了，我上学的时候都不允许有人这么对我，别TM说孩子。 ,-1
狗屎名校！好想骂人，绝不原谅！,-1
混蛋家长才能教育出这样混蛋的孩子，养不教父子过，这样的家长也教育不出什么好玩意，呸，,-1
下次可以把他们的话录音下来 ,0
校园霸凌是最可恨，但家长对它也是最无奈。这需要家长老师学校共同干预。说直白点，如果遇到好的负责任的老师，能把事件控制住，让孩子们都不用遭受太大的伤害；最怕是那些不负责任，而且还老嫌你增加他/她工作量的老师，那真的是……,-1
开玩笑。你家孩子要是一脸屎尿回家，你觉得那是玩笑吗？玩笑是要双方都觉得好笑才是玩笑，只有一方好笑那就是伤害。怪不得两个孩子能干出这样的事，家教就不怎么样，,-1
学校也不负责，现在的教育，还真是棒啊,-1
这是第一次，我第一次看到校园暴力如此的可怕，不仅仅是孩子，还有学校，书记，老师，以及对方家长。这事如果开了个好头，那么以后校园暴力事件也将会知道如何做了。加油，我挺你。 ,-1
特别讨厌小孩没缘由来的恶意！作为校方你的责任就是教好小孩。长大后的坏人不希望是拜你们所赐的。“小打闹”呵呵说这话不敢到羞愧？,-1
一般混蛋家长就会教育出混蛋孩子，长大了也是社会渣子。德行这东西是骨子里透出来的,-1
老师应该思考如何避免欺凌的发生，父母应该思考自己的孩子在欺凌事件发生时会属于哪个群体，应该如何教育 ,0
家长在教育孩子被欺负这种情况的时候，一定要告诉孩子被别人欺负时要奋力反抗，懦弱解决不了问题，不反抗让家长找老师说实话也解决不了问题。即便反抗后势均力敌或者自己也挨打了，下次施暴者也会有所畏惧，不敢轻易再欺负你！,0
可笑的未成年保护法 ,-1
小时候看日剧很多都有校园霸凌情节，而且很严重，那时还觉得很难想象，因为我上学那会还没什么霸凌事件。没想到现在的小学校园都有这么严重的霸凌了。。。真的得管管，对孩子的心理真的很大影响。我就小学时被一死胖子拍了下屁股，我都难怪了很久，感觉很委屈。 ,-1
这种欺凌只有其人之道还治其人之身才知道错的,0
必须要向校园凌霸说no，但是不要煽动群众 ,1
够了 这位麻麻 不要太生气 他能还只是孩子 小孩子打闹很正常 给他们一次重新投胎的机会吧 ,1
学校老师和领导都是吃屎的,-1
这事真得值得同情，但做为父母，我要求孩子要能够保护自己的身体伤害，更能保护自己的心灵不受伤害。孩子固然要有同情心和爱心，但更应当有保护自己的勇气和能力,0
既然已经爆出来，愿班主任，什么德育鬼老师（能说出这种不负责任的话，真担不起德这个字），什么鬼校长得到相应的处分。不作为、瞎作为，不如回家卖红薯罢。校园霸凌，家长责无旁贷，意识不到踏上社会会有人替你教育他？学校不仅不重视还纵容，是因为那孩子家有钱有势？法律法规该好好完善调整一下了。 ,-1
真的是可怕，可怕的是遇到了这种事不想着怎么解决，而是大事化小 ,-1
文笔真心不错，不过好像事情反转了 ,0
大人都长大了吗？ ,0
我就是自从小学初中被人欺负后所 留下来的心理阴影 到现在都还没好 ,-1
这种学校领导不开除？ ,0
并不是所有的孩子都是天使 ,0
大学舍友，一个非常乖巧用功的女孩子，每次回忆起初中三年被一个男生每天欺负又没人帮助的时候常常哭泣。校园霸凌给受害者造成的伤害是一辈子的。,-1
我是一个职高老师，有个班的一个女生，我直到快毕业才知道她被几个女生欺负了两年，帮她们做作业，手机被她们每个月用几百。我很想帮她，便告诉了她的班主任，结果班主任只是轻描淡写让那几个女生全班念个检查，之后对那个女生又是暴打欺凌。所以说班主任态度关系太大！ ,-1
我当班主任的时候遇到这种欺负学生的事肯定是严惩。有的班主任自己就是欺软怕硬的人，三观不正，所以反而瞧不起被欺负的学生 ,-1
没有熊孩子，只有熊家长，把孩子教育成这样，家长‘功不可没’ ,-1
不知道是我不太关注还是怎么回事 小时候读书没遇到过霸凌 但是打群架什么的还是有 所以这么多年来 我一直有种中国的学校没有霸凌这回事。,0
以分数名次为导向的教育，最终所有的动作都会变形，整个系统趋近疯狂，所有系统内的人都是帮凶。尽管他们并不认为自己在纵恶。这样的事，绝不是现在才出现，回顾童年，多少往事不堪回首。只是因为互联网放大了这件事。如果发起#曾经发生的校园霸凌事件# ，我相信可以拍无数部童年电影题材了[弱][弱] ,-1
有个屁用。回到学校老师会特殊对待你因为扣了她的奖金。动不动给你个白眼嘲讽你说你这样孩子不敢惹。别问我怎么知道的10年前就这个鸟样了。换做今天的我对这样的老师能动手就动手。师德什么都只是说说。,-1
评论从最下面往上翻，看了一小半。心疼那些和空空喵喵喵喵争执的网友，这人明显就没什么逻辑，一句话复制了十多次还见到谁艾特谁，网友的回复还会被她打上废话的标签[doge]再次心疼他们 ,0
请把厕所垃圾筐在大庭广众下扔老师跟对方家长头上谢谢让他们感受一下这个过分的玩笑，闹着玩呗,-1
正是这种父母一贯积极插手儿童交往矛盾的现象，造成了其孩子完全不会处理同伴之间正常的社会交往矛盾。所以是怎样的家庭教育、父母情绪管理将孩子塑造得如此软弱？学校主任给出的教育建议没有任何错误，断得奶了，孩子之间的矛盾，成人引导可以，但绝不能干涉甚至代替。家教为先.看评论又想辞职了.,0
真相未知，但学校及双方的家庭这三方都有责任。 十岁的孩子在人际交往中把握不好分寸是可以慢慢被教好的。现在一味地去声讨与过分地追责，看起来是保护所谓的“受害者”，实质上是将其与这社会隔离开来，永远无法学会与人正常相处。,0
成人的世界有法律约束，如果你在街上被打一巴掌并打回去了，这就是斗殴，双方都有责任。我同意你说的让孩子学会和别人接触、独自处理问题，但校园霸凌我认为应该视作孩子世界的犯罪，因为这是黑社会性质的，我们不会独自去解决黑社会对不对。 ,-1
这么小就这样长大还了得？我小时候淘气，只要到家我妈笤帚把就上来了。还名校，就是这么教育人的？ ,-1
什么垃圾学校狗比九年义务教育，我上次在一个人的微博看到：她的女儿在幼儿园受了欺负，脸上受伤了万幸没有留下疤，孩子父亲直接去幼儿园找到那小孩：“下次还欺负我们家瑶瑶，叔叔就把你的肾挖出来哦。”法律的本质本来就是以暴制暴，去他妈的未成年人保护法！ ,-1
想到自己曾遇到过的校园欺凌，真心觉得小孩子内心是很脆弱的，一件小小的事就能造成长久的心理阴影～真心觉得现在很多的教育工作者完全不会考虑自己是承载祖国花朵未来的师者，心里只有自己的利益和所谓的名誉，，孩子们内心不够坚强怎么能人格健全的挺到成人，潜移默化地影响下一代人，助长不正之风 ,-1
不是故意的，就想起老美的那几个对同学剪头发烫烟头被判几十年的未成年人，我们国家什么时候才能强大起来呢？,0
心真的好痛 ,-1
“不评判，倾听。” 靠谱，一些和稀泥的人真正的错误在于太着急评判。评判好了，世界就明晰了似的，其实是妄念。 ,0
深以为然,0
如果孩子求助，就帮忙。如果孩子希望自己搞定，就信任他 ,0
个人看法，有些时候确实孩子的事孩子自己解决更妥当。我个人觉得其实很多时候小朋友渴望的是父母是港湾是爱的支撑，这是一股能量场，只要感受到了能量场，他们自会有力量去面对一些事,0
父母对子女控制，辱骂殴打，要求孩子所谓的孝顺，听话，被别人欺负了，只会说，为什么别人都不欺负就欺负你呢，于是，其他同学老师有样学样，反正你父母都对你这样，也不在乎你受欺负，你就等着被欺负死吧 ,-1
很多时候对孩子造成的影响大部分可能都来自家庭来自父母！可是试问又有几个父母可以真正做到真正的去了解孩子了…… ,0
#女大学生赤裸跳楼自杀# 同宿很可能是反社会人格，逼死同学没有内疚悔意，只有依法判刑才能阻止侵害继续发生。#关注校园霸凌# 父母正确的养育可以让孩子远离侵害，长期被霸凌的学生，家庭内部都有相似的问题。,-1
校园霸凌绝不是同学之间闹闹矛盾那么简单，其中反社会人格青少年的残忍程度绝不亚于成年连环杀人犯。批评教育对于反社会人格没有作用。避免霸凌，第一是法律，第二是父母的正确养育，可以使得孩子天然具备免遭霸凌的人格力量,-1
孩子有天然保护自己的意识 ,0
大部分成年人对这两件事情都无解 ,0
水果类充足供给没问题，但是零食太充足总还是担心对孩子的身体有负面影响，哪位家长对这方面有经验谈谈。,0
这位老师生过娃带过娃吗？孩子不听话，胡作非为，任由孩子胡来？孩子要什么都满足？不设限？这样叫做放任，结果就是孩子变成了熊孩子。 ,-1
给的是爱，熊孩子是缺爱的孩子 ,0
变成胡作非为之前你是怎样的父母？没有错误的孩子，只有错误的父母 ,0
：校园暴力的残酷超过成人社会，人之初性本恶，英国有本小说《蝇王》写一群6-12岁儿童荒岛求生，很快发生了混乱甚至发生残酷的事情，可见失去了成人管理调教的儿童群体，就是一个兽群 ,-1
老爸说到做到。五年级的时候奖励了我一套《约翰·克里斯朵夫》[嘻嘻]高人啊老爸，把我练成了运动健将外加文学女青年[喵喵][酷][嘻嘻] ,0
又是极同意的观点 前两天评论了中关村二小被欺凌孩子的家长自己才需要深刻反省遭好多网友反对，一个简单事实假设被欺凌小孩能量满满气场强大一副老子不怕啥试问谁敢往他头上扔垃圾桶？！就是平时就弱弱的没事爱讨好强势的人这种孩子最容易成为目标不是家长的问题还能是谁的问题？,-1
"生死攸关的事情我却没对任何人讲，包括父母，就是怕人家说我、骂我。在生活中有很多事、很多话我都不讲，因为我觉得讲了会被说，都压在心里。但其实我是一个喜欢说话的人。我想自己运气还是好的，中学开始在外地住校求学，吃了很多苦，但是起码没被欺负。要不然人生真的完蛋了。 
 
",-1
对，霸凌者喜欢试探别人。遇到这样的弱者，我就忍不住想一巴掌拍死他,0
小时候确实被男同学欺负过，不过记忆已模糊了。不过当时真是很痛苦！因为当时的家庭是多子女的所以父母没有现在这么重视孩子，当时只能是慢慢让事情过去忍着就是了,-1
这些人，说的跟霸凌有鸡巴毛关系？！！别特么又把这种恶劣的行为给淡化了,-1
感谢现在三观正常的我。校园欺凌这种恶性事件受到关注以后，大环境在整治下，期待会更好[心] ,1
人类的竞争就物竞天择，孩子不以暴制暴难不成让对方把命要了去？？ ,1
我一直很好奇“霸凌”一词的来源 ,0
这种事，换做我儿子被欺负，见了对方家长先甩两巴掌！这是替我儿子还的！再抓小孩起来修理！作为家长，要让自己的孩子有最起码的安全感，你儿子都被打了，你一次次妥协，孩子会恨你，做什么事都畏畏缩缩！打不是让孩子变坏，而是让孩子知道，做坏事，是会受到处分的！人贱自有天收！,-1
小学那会，身体发育晚，全班最矮，被人欺负是常事，直到把经常欺负的人当着全班打哭了，从此再没被欺负。小孩子欺软怕硬的风气靠教育是不可行了，就像走路会摔跤，怎么告诉都没用，实际摔一跤最有用，打回去告诉他欺负人是要付出代价的，比什么素质教育都见效快印象深刻。 ,1
那没办法，这种需要全社会，包括学校，家庭，政府等多方面来一起努力，是个循序渐进的过程，涉及多方面，比较复杂，心理生理，等等，我以前上课就给老师给过一些东西，估计被当成普通的应付作业了。按照目前情况，以后这种事情会越来越多的 ,-1
" 这种处理方法很简单古人不是早就教导我们了吗？把打人的父亲或母亲叫来揍一顿。 
 ",-1
以暴制暴固然不对，但是非常有效。 ,0
法律不在的时候，那就是私人寻仇。多简单，打回去。 ,0
国家再三说要反对学校霸凌，但是基层学校不执行，总说是学生闹着玩。我们这里有一个小学生，已经引起公愤，全班学生和家长到教委静坐，就因为一个男生，3年来把所有的同学都打过了，垃圾桶扣脑袋，推同学掉进厕所坑。结果学校说：学生闹着玩的，要给他机会！给他一个人机会，损害了剩下几十个学生 ,-1
人不犯我，我不犯人，我也不会先去惹别人。 ,0
有，小时候上小学的时候，那些恶霸，和同学拉帮立派，还勾搭社会上的辍学的青年，欺负我，还动手打，而且人多，七八个，打我一个，又不敢还手，也不敢告诉父母！唉，希望执法部门，能够起草相关的保护措施，能够更好的保护未成年人！给他们给多的呵护和关爱！ ,-1
只有修改未成年的保护法与及在学校中去学懂法规纪律及影视传播途径来从小学起。未成年人应该规定在小学2年及以下的儿童。 ,0
还是那句话先礼后兵！ ,0
要看具体情况，太恶劣的支持打回去！,0
将其家长老师一起判刑，保证不会再有校园欺凌 ,-1
以后只会越来越多，以前小孩子没人管，老师帮你管。现在，老师不敢打，家里不舍得。学生之间，成了小江湖了。,-1
回想起来高中的时候，一群男生特别爱捉弄一个反应有点慢的女生，直到有一次把她弄哭了，被班主任发现，那群男生站了一个班会，上台道歉，以后再也没欺负她了…… ,1
我小学同学，一个女生，长的比较丑，家里又穷，她村的几个男生放学路上欺负她，她发育的早，刚好那天来着大姨妈，几个男生就直接踹她，还有几个男生整天堵着门，让低年级的喊爹才让他们过去。人贱自有天收！,-1
人不犯我，我不犯人，人若犯我，打死他打死他！！！！ ,-1
初中时候被校园恶霸欺负，向老师说后他们反而变本加厉，有一次我爆发了，拿着木棍食堂半路等到他们就往死里打，之后被老师批评，但他们再也不敢惹我。?? ,-1
以牙还牙，以血还血，犯我中华者，虽远必诛！  [熊猫]艾玛，走错片场了！,0
不知道小学三年级时，那位经常霸凌我然后被我一拳打爆门牙的同学现在过得怎么样[doge] ,0
那家长就偷偷的把施暴者的腿脚打断吧 ,-1
反对个几把！你不打回去，他会看不起你，经常找你麻烦。长远来看受伤的总是被欺负的孩子！时间久了心理容易有问题，报复社会或者伤害自己，只有以暴制暴，才能让那些坏小孩受到教训，揍怕了就不敢再欺负别人！ ,-1
不以暴制暴，怎么办靠政府吗，几年了都没多大反应，靠警察吗，未成年人保护法基本保护罪犯，你们的女儿被人打脱衣拍裸照你们打算怎么办 ,-1
被欺负了只能揍回去，揍到对方怕你，从此不敢再动你。揍怕了他甚至不敢再欺负别人。 ,-1
说对不起没用 跪着磕头然后踩他们脑袋 给他们两刀 就够了 ,0
我初二同班同学，放学的时候不知道为什么，被一群人堵在教室，有人直接从课桌上跳起来去踹他，看他很可怜，跑去告诉老师就直接回家了，后面不知道怎么处理的。 ,-1
老子绝对会以暴制暴， 不指望你们，也没得指望 ,-1
如果真有人管 那还会发生这种事吗？所以否定“以暴制暴”的是什么居心？ ,-1
什么霸凌 故意伤害就是故意伤害 真会找说辞 ,-1
以暴制暴，有时候真的是不得已而为之,-1
以暴制暴才是王道 ,-1
每个年级最少有那么一两个霸陵，被欺负很正常 ,0
就是因为以前初一被别人打，所以就不读高中了,0
丛林法则是自然界最科学的，物竞天择、优胜劣汰、弱肉强食，穷鬼的孩子就是被欺负的，谁叫你生？结婚那天就要想好！！！父母们也是学校读书过来的，同学之间有敢惹领导的孩子？ ,-1
所以家里有钱 就跟领导家孩子成了朋友[doge] 有钱家孩子才能玩一起,0
刑法保护有限的情况下，打回去是最佳的选择，打到他们不敢作恶 ,1
必须打回去,1
原则就是，自己不主动欺负别人，但是别人欺负自己，一定毫不留情的加倍偿还。 ,1
校园里普遍性存在这种问题，大学里也有，不过好多辅导员都不管，也管不了的。 ,0
我准备送我儿子去学武术，欺负别人不行，但是被人欺负了必须打赢他 ,1
校园江湖，成立帮派，选出盟主。 ,0
资学校，谁霸 开除谁[摊手]没办法！ ,-1
少年他一直年少：以暴制暴最有效 其他都是扯蛋,-1
敢欺负人，就打得你后悔出生。 ,-1
除了以暴制暴还能怎样？所谓的未成年人保护法保护都都是地痞恶霸，流氓无赖，社会潜在的威胁。,-1
教孩子练武术 ,0
必须严惩校园暴力 ,1
如果被欺负能得到声张正义，那我不支持以暴制暴，相反除了以暴制暴，还能怎么办！这不是坏的品德，坏的是先施暴的人！暴力包括语言暴力！我可以先不欺负人，但是你要是欺负我我肯定还手！正如国家对外政策那样，人不犯我，我不犯人，人若犯我，我必犯人！ ,-1
读初中时我们班就有一个男生老被欺负，长得又瘦小（虽然他自己人品有问题，老爱和不良勾搭但人家不把他当回事花他的钱又打他），有次我拿手机拍了他受欺负的视频拿给班主任她让我删掉，“我会处理”，然后批评我带手机去学校，我想可能那个不良家里有些势力吧，因为这件事没有下文了 ,-1
"国家,学校和家庭教育密不可分,真要重视起来。 ",1
其实校园欺凌不仅是施爆者的问题，受害者骨子里的懦弱和害怕也是酿成事情愈发严重的关键，各位老师和家长一定要多告诉自己的孩子学生怎么保护自己，受到伤害该怎么做，防患于未然。欺凌事件发生后应当严惩施爆者，且一定一定记得多关心受害者！,-1
废除青少年保护法，保护个鸡巴，保护出以后的杀人犯 毒犯 残害社会,-1
学校加强教育如果有用，孩子又何必自残，央视说的也是屁话 ,1
校园欺凌屡禁不止，真的要好好管管了，因为对一些人真的是一辈子的阴影,-1
不付刑事责任的未成年人，其家长代为受刑事处罚，顶我上去让大家看，保证出了校园欺凌，施暴者家长会率先打断孩子的腿，孩子不好好教育只有坑爹的份。 ,-1
初中的时候遭遇过欺凌，以至于过了这么多年，再次看到那些人的时候，那些遭遇欺凌的日子还是不可避免被想起，小时候发生的一点一滴塑造了我们的个性。也许会忘记时间，但留下的痕迹永远不会消失。所以，请学会善待别人，善待自己。 ,1
希望 可以把校园暴力写进宪法，未成年保护归保护，还是得治，用法律治。现在的年轻人以为仗着未成年就可以为所欲为，以为法律不敢把他们怎么样，这才是最可怕的 ,-1
家长应该教会孩子一个道理：别人欺负自己要学会还击，勇敢的打回去，应为软弱只会换来更加卑微的自己，我读书那会只要敢动手我就会跟他打到不能动位置，还有一件事就是人多要学会逃跑，在学校老师是没有用的，因为他会告诉你一个巴掌拍不响，一切靠家长给孩子的信任感，教孩子要勇敢。 ,1
有什么用，，，还有多少起校园暴力根本没有人知道，，我曾经就是校园暴力的受害者，，，学校的不作为和本身法律的缺失，，根本没办法保障我们的安全和身心！！！说白了就是没人管！！没人管啊！[蜡烛][蜡烛] ,-1
班主任很垃圾[二哈]鉴定完毕，以前我班主任还没等学生家长去反映，他自己就察觉到，直接两脚踹了打人的学生！你这垃圾班主任真他妈该死，还蜡黄蜡黄的，真是个马后炮，废物东西[二哈] ,-1
我们班就有啊，每天都以欺负同学为乐，然而学校对他的行为视而不见，对了，他还是班长,-1
这种事情不知道什么时候才能出席相关法律来保护这些被打的孩子 ,1
这种学生就该判刑,-1
犯罪低龄化是社会的悲哀，教育引导真的很重要 ,-1
你可以不喜欢一些同学。但是你不能欺负他，不能不尊重他，更不能看别人都笑话他，你也笑话他。不喜欢你可以忽视，但不能侮辱他人。保护好自己，尊重好他人。,-1
希望客观细想为什么那些孩子会被欺凌，大多数是欺凌导致孤独，造成心理自卑，而不仅仅是孤独~自卑才导致被欺凌…希望对被欺凌的孩子进行调查，被欺凌前，他的言行举止行为作风品德素质，被欺凌后，哦（我们知道，是我们同情的样子），然后找出被欺凌孩子的特征，最后找出处理办法，不要盲目的可怜弱者 ,-1
受害者影响极大，可能阴影伴随一生。必须出台专门法令制止处罚校园暴力。首先施暴方的家长必须在影响力大的媒体上不打码视频直播下跪道歉，施暴的孩子关进少管所进行教育并写入档案。然后给予大额度经济罚款。校外的不良少年欺负在校学生的，必须从重处罚。 ,-1
老师们家长们请重视起来吧,1
有些时候老师是故意不作为。题外话，想起小学没给班主任送礼送钱，然后把我调位置挨着个很差劲的男的坐，TMD老是打我，跟班主任说她不管，不给我调位置。后来那个男的打我我就比他打的更狠，下课打上课打，打到了通知家长、校长，终于把座位给我换了。还有同学被她打的求饶了她还打，神TMD为人师表。 ,-1
看到了五分钟真的看不下去了，我只希望别人打你，你要勇敢打回去，现在如此长大也如此。,1
我小时候从幼儿园到小学三年级都是被欺凌的对象。一定要反抗！！！他打你你就打他，打不赢也要打！！要让他们知道你不怕！你越隐忍，他们就越猖狂。告老师没用的，老师不会管的。一定要告诉家长！！千万不能憋在心里不说。受苦的是你自己！,-1
其实想想以前我们上学的时候也会经常开玩笑 甚至也在言语上讲一些老实的同学 不过我们那会都不会说用打的方式有时候开玩笑开完 老实同学也会骂我们也会说我们  其实这有些时候是一种沟通方式的问题 有时候我们很想跟他们玩的好 不过由于性格问题 老实的表现得沉默不语 ,0
"呼吁有毛用？校园暴力现在谁都知道。每次发生事件就是呼吁、教育。本来那些施暴的孩子们都是没人管教的，他们的父母要么是在外打工，要么就是单亲离异家庭，怎么管？针对校园暴力就应该严惩，国家的未来都是在这些孩子身上，如果对于未成年人犯罪一再的教育、退让，只会让未成年人犯罪的案件越来越多。 
 ",-1
这就是人性的恶，没有一个动物为了折磨另一个动物而折磨它。 ,-1
小学的时候被人摁着欺负，一下课就有人跑来趴在我背上，被辱骂。这样子不都过来了？[微笑]现在想起来，当年自己真能忍。 ,-1
对学校的疏忽管理和大事化小小事化了的态度也应该给予惩罚 简直是纵容品行恶劣的学生为所欲为 ,-1
最他妈讨厌这帮小学生了  整天瞎几把打闹  你打我一下 我打你一下  矛盾就出来了 谁也不服谁  后来演变成了群架  我说的这话没毛病吧 也不他妈的想想他父母 我感觉都是他妈有钱烧的  你家要是没钱 你会欺负其他的同学吗？ 那些被欺负的同学  你也是真他么的怂  他这么欺负你 你他么的弄死他啊！！！ ,-1
 那更要关注一下那个济南大学生坠楼的事了，到底有没有校园暴力 ,-1
我还记得我小时候，同桌男生调皮，把鞋子举到我鼻子的位置，倒是没踹，就蹭一下，放学我妈看见我鼻子上有灰，我都不当回事儿，我妈就领着我去找班主任，要同桌道歉，谢谢我的妈妈，我以后也一定会好好保护我的孩子，用命去护。[心][心][心] ,0
小学被人起难听的外号，当时觉得太羞耻，和同学理论过好多次，一点效果都没有。幸好我健康的长大，但我想说，为了治好小时候的自僻真的努力了好久。而现在想起那些人，心理也只有恶心和不屑。 ,-1
我能说我就是从小学被同学欺负到大的吗。。。现在他妈的想想心里都恨，小时候太懦弱了为啥不一拳头把丫的打成脑残。哦不，他们本来就脑残 ,-1
" 在家里父母管不了，在学校里老师不能打不能骂，所以就在未成年人保护法的“保护”下为所欲为，结果只能是画地为牢，这是社会的悲哀 
 ",-1
赶紧提到两会上立法吧，现在的学生真是活的太舒服了，把自己的快乐建立在别人痛苦身上是越来越频繁，都没有知觉没有心吗？法律绝不要放过这些熊孩子们，说他们是熊孩子都觉得说小了，未成年干着成人的事，干着地痞流氓的事。爹妈不会教育赶紧送到少管所受教育大家绝对支持！ ,-1
校园欺凌绝不是小事，必须对欺凌者及其家长予以法律制裁和严厉惩罚，学校也必须对此负责，若一个孩子长期遭受欺凌，老师和学校却全然不知，那就是他们太不负责太过失职。对欺凌者的宽容，就是对受害学生的残忍。全社会都应该关注受欺凌的孩子，只要看到就应立刻制止并报警。 ,-1
只见有人传播消息，可是却没有人解决，真是可悲啊,-1
"要班主任何用，班主任是吃屎的吗。社会在进步，但是义务教育这一块是止步 
 ",-1
看完这个视频之后觉得好气啊！你眼中所谓的小打小闹已经给他人留下了不可磨灭的阴影，愿每个孩子的童年都没有伤害。,-1
我也是被欺凌的一份子，我深深感受到被欺凌那种感受， 我想转校， 我不想对着那群无耻的人，可是我没钱啊， 小学我足足忍受了4年， 试过被人扔书，试过被人踢肚子，那个同桌联和其他男欺负我，周围都不敢跟我玩了，我跟老师反映换位，老师说，为什么其他人只欺负你一个？是不是你问题？ 我丕 ,-1
小孩子不懂得是非善恶就要好好教他们呀！什么恶作剧？恶作剧也是作恶啊！一件小事就可能影响一个人的人格，那么频繁的欺负排挤，不仅仅因为他们说是恶作剧就可以漠视的，它影响的是受欺负孩子的一生呀！ ,-1
最近看到太多校园欺凌了，看了开头就不敢往下看了，看了心疼。,-1
多年后，部分施暴者云淡风轻地说自己当年不懂事而已，嘲笑受害者心胸狭隘这么多年还“念念不忘”。,-1
要是我的孩子受这种侮辱，那些孩子们你们就必须用死来报答自己！ ,-1
之后报告了学校，学校报警处理，最终是家长向女方父母孩子道歉，男生开除不删除报警记录，这个性质很恶劣，不敢想象如果不是制止的快，下面会发生什么，当然，整个事情只有几个学生知道，班级其他人还是不知情的，后来关心她直至她毕业，我也离开了学校，家长有时候不理解，认为我们就是带孩子的 ,-1
如果说语言暴力也是暴力，那包括成年人嘛，我就是成绩差也是动不动被亲戚羞辱，超讨厌他们，可是又因为他们是长辈又不能说什么。 ,-1
给这个孩子转学吧[悲伤]最起码，先逃开那个环境，远离那群曾伤害他的人。没有经历过的人你都不知道在那个环境继续生活是多么可怕！[泪][泪][泪]我感同身受，十年了，那些伤害至今仍在影响着我 ,-1
还小呢未成年呢还不懂事呢[摊手][摊手][摊手][摊手]这种观念害了多少人,-1
以前读书的时候总是会遇到这些坏学生欺负人，特别是欺负外地学生，现在想想都觉得心疼，报告老师也是不会引起太大重视！希望学校能重视校园暴力，对一些坏学生严惩教育，现在不学好，长大还得了！！不会等到出事了才会反省！ ,-1
看的真痛心，如果以后我孩子被人怎么欺负，我铁定不会放过那家人。 ,-1
仿佛看到了，曾经的我[失望][失望][失望]不过我遭受的是冷暴力[怒][怒][怒] ,-1
感觉有些熊孩子真的就应该在他小的时候就被除掉，毕竟等他长大，谁知道会做出什么事来 ,-1
老师也很重要，因为很多家长都不知道自己的孩子在学校干了什么，而且有些孩子在家里就是乖乖的 ,0
在初中的时候遭遇过欺凌，以至于过了这么多年，还是影响我，总让我有想杀了他们的感觉 ,-1
没教养的小瘪三太多，家长要学会教会孩子保护自己。别人打疼你，侮辱你，不管什么原因，冲上去给我狠狠的打，打不过也得打！让这些贱货们胡作非为，就是对自己的不尊重，剁了这些人的手！家长判刑。 ,-1
现在学生不是靠人多而欺负你，现在学生靠的是他父亲是人大代表 ,0
初中生最傻最装B，农村非主流 ,-1
坦白的说，我也曾是校园暴力的受害者，上小学身体瘦弱总是受人欺负，从县城考到市里最好的初中谁都不认识，受坏学生恐吓，到了高中校规严了认识人多了才好很多，严惩校园暴力，不管是硬暴力还是软暴力，都会让当时的孩子生活在恐惧里。,-1
最不愿意看到这样的事情，就会让我想起我的过去太痛苦了，甚至不愿意在提起，难过，无助，没有一个人来帮你的感觉，我一直都拒绝他们同学聚会的邀请，我可以跟你们和平相处的说话，但是我无法原谅你们，永远无法。 ,-1
还是学生的问题，家长的教育，我听我弟弟说3年级就被他们班的男同学打，很心疼，，哎，毕竟他们家很有钱啊。 ,-1
关注了，然后呢？该关注的是人大代表们，什么时候能制订相关法律，政府什么时候能出台相关规定，让学校在处理相关事件的时候有规章制度可依，也不是凭老师家长一句话，也不是等闹大到人身伤害。校园里凌霸一般都是开始于语言伤害还是孤立什么的，小时候被孤立过我到现在还有阴影[悲伤][悲伤][悲伤] ,-1
好心疼这个学生啊好想保护每一个被欺负的孩子他们不应该承受这种精神和肉体的欺负最大责任的就是老师就是班主任 有些班主任根本就无视这种问题就觉得成绩不好的学生就应该被欺负就根本不理会学生可以原谅是不懂事那老师呢那么大了还不懂事亏你们为人师表根本就不配当老师 ,-1
唉，我也经历过………不知道说什么好……只能一直逃避那段记忆。选择忘记 ,-1
说的简单？做起来可是很难！ 每个受欺凌的孩子所做的决定其实都不一样。 但，其实都是无意而为 比如，视频里的小华，自残就是他逃避被欺凌的方法。 再比如逃学旷课其实也是有些未成年人逃避被欺凌的方法。 但，比起同学间的校园欺凌，其实，教师的不闻不问或大抵了事，都是助长欺凌者嚣张气焰的硝火石 ,-1
"忍无可忍无需再忍，我们不是忍者神龟。 
 ",-1
好像关注什么就会觉得到处都是什么 校园欺凌的严重性 法律政策的解决预防... ,-1
小孩子面对的事情在大人眼中都是小事情，，可是在小孩子眼中就是大事情，所以别用自己的狗眼去衡量别人的苦恼 ,-1
开玩笑得让别人觉得好笑才是开玩笑，只要强制别人做了不愿意做的事，就是在暴力，今天是吃钉子，明天是自杀了还是开玩笑吗？最讨厌仗势欺人的社会败类，千万不能因为小就轻易放过，不对他们采取点措施是感受不到事件的严重性的！,-1
我现在都不敢看这种新闻，心里特别难受。初为人母，我会教育孩子不欺负别人家的孩子，但是我该怎么保护自己孩子不受伤害。 ,-1
现在这样的校园欺凌行为太严重了，希望受到有关领导重视，不能让小小年纪的孩子就对社会对自己失望，对于这种情况要严惩 ,-1
学校干嘛的没管老师干嘛呢，家长不知道吗？真应该治理他们！！ ,-1
未成年流氓保护法 ,-1
这也是教育的漏洞吧，毕竟还有老师虐待学生的案件呢，希望老师在传授知识的同时能多给学生普及校园欺凌方面的事情，不然学生被欺负也无处可说，对于那些欺负人的学生，真的没必要从轻处置，自己欺负人的时候没想过别人的感受，轮到自己受罚，死了都活该 ,-1
学校家长公安不重视，导致校园暴力屡见不鲜！,-1
中学生军训练就了一些流氓，请不起警察普法吗？？。。。 ,-1
幼儿园小朋友因为别人不跟她玩都会哭的很伤心！何况这样[拜拜] ,-1
现在的学生最会找借口了，问他为什么打架，就会说不是故意的，闹着玩的,-1
家里在学校对门，经常透过窗户看见一群学生殴打一个人。那些自以为很牛的小混混就应该严格教育。别让他们自以为是。 ,-1
校园暴力屡禁不止 孩子也不能因为自己未成年而为所欲为 法律所存在的漏洞希望可以尽快改进并且实施  同样是孩子没有谁该被谁欺负 人生而平等 那些被欺凌的孩子要及时反应自己的情况 那些扭曲了心灵而喜欢欺负别人的孩子也该及时引导防止误入歧途 无论是小孩子还是成年人都该为自己的所作所为承担后果 ,-1
小时候被后面的胖子天天摔我的脸和头，导致我很自卑……到现在还没缓过来。[泪],-1
所以说啊，不能太软弱，别去欺负人，受欺负时，直接还回去，要不然以后受不完的欺负 ,-1
我们对自己的认识，是来源于他人对自己的态度。,0
还不都是成人世界混乱，孩子缺乏管教，加之学校只追求好成绩，忽视道德教育导致的嘛[挖鼻] ,-1
哪里有人哪里就有欺压 不存在未成年还是成年 不要把孩子的世界想得太单纯 坏孩子也跟成年人一样可恶会欺负比它弱小的人 ,-1
可怜的孩子，必须尽快严整了！,-1
每一个孩子都是家长的宝贝[抱抱]愿被温柔以待 ,1
今天中午在去食堂吃饭途中，看到一学生正用手掐前面小个子同学的肩，我见到形式不对，连忙跑上去把他的手掰开，好不容易掰开。问他为什么这么做，他说“给他按摩呀”，然后问小个子“你疼吗”他回答“有点疼”，听完真的心疼。要不是到处都是监控器，真的很想扇那个学生巴掌?? ,-1
不知道以暴制暴这个词你们是怎么说出来的，我全程就看到这些大老爷们儿拿那么大肌肉的胳膊，轻轻制住那个领头混混，告诉他：有本事就冲我来，别总是欺负弱小。有毛病？现在熊孩子不这么治，该怎么治？我上了这么些年学，初中高中都有因为校园暴力事件死去的同学，他们不可怜吗？ ,-1
虽然有些正能量，但只能帮一次，小混混是吓不住的，有时候只会更严重…本质是学校和家庭教育太重要，学校需要整治，家庭需要关心孩子的道德素质培养…但是社会又太浮躁…… ,-1
恶人还需恶人磨 ,-1
居然没人发现，经过的路人置之不理的行为，人人都怕见义勇为被报复，就任由他人欺凌，这次是社会弊端，董哥的行为属于是正义。 ,-1
太正能量了！微红哥必须转！！！,1
评论里都是胡扯的吃瓜群众，看着就不爽，说一大堆有的没的，你厉害就去改国家政策啊，说这个视频干嘛，人家又没有打人……[喵喵][喵喵][喵喵] ,-1
都站在道德制高点批评，我看到的是董哥帮助弱小的一面，他只有一个人。他能做的就是这些，你让他去搞制度？？可笑[摊手] ,-1
妈蛋，恶人还需恶人治,-1
我真没想到这个居然都有圣母，这要是你们孩子或者弟弟妹妹你们什么样？前提已经说了父母不管学校不管，报警这样的一天都拘留不了，怎么解决？靠你们圣母说理去？没事开上帝视角瞎批判真放你身上你早受不了了[打脸,-1
难道不以暴制暴，你们有更好的办法吗？就那么看着被欺负，中国是“法制”社会，从不保护弱者，但也没有真正去打，只是让他们感同身受… ,-1
适当的警告并不是以暴制暴。向这种情况就要这样，给老师学校就是批评，了不起给个处分。 ,-1
这个还是有必要的，只要能保证这孩子不再会被更严重地打，就是有必要的。比什么老师处理来的有效，也恰恰是旁观者的冷漠让霸凌者更猖狂。 ,-1
每次看到这样校园暴力的视频都不敢打开看，因为看到后心里会一直一直的难受，揪心 ,-1
关键还是法律的缺失，取消未成年人保护法，这法律已经失去意义了 ,-1
他们真的懂校园暴力吗？今天被这么一折腾明天视频中的男孩会被打的更惨，理由：你丫不能叫人吗？你叫来一个试试 ,-1
那些「不鼓励这样」「不建议推广」的道德婊们，我鼓励且建议你们闭嘴。如果你们把敲键盘的力气用在帮助被欺负的孩子身上，估计就没这么多霸凌了。别人至少做了什么，而你们只是在那里占领道德制高点而已。 ,-1
在外力的干预只能一时，往后ta们或许还会继续。或许我们应该让小孩练一些能保护自己的技能这样会不会更好。[摊手] ,1
看视频的时候九知道有键盘侠逼逼  那比小混混看到都想打他们人 ,-1
虽然演技有待磨练，但是内容是好的，抵抗校园暴力,-1
有时候校园欺凌只是因为差异化。比如一个学校风气是有很多混混的，你不去他们经常去的场所混就会被孤立。比如一个学校老师开设家教课或是开店，你不去参加家教照顾生意，就有可能会被孤立。孩子和成人不同，成人有自主权可以远离不适当的环境，孩子没有选择环境的权利。体质，通常并不是欺凌的成因。 ,-1
越来越变味儿了，董先生的创意也就到此为止了，开始走公益路线搏情感了，这种视频能帮一个，也只能帮一个，就这样吧，取关了[白眼] ,0
这个必须点赞 ,1
传递正义，校园暴力太可恨，为何法律不能保护这些青少年，看看今天的校园已经不再是那些充满欢声笑语的校园，而是一些有钱人的的霸气舞台，支持正义的人能够帮助那些无助的孩子，不要再当陌路人 ,-1
其实你们不知道的，那个打人的穿红裤子的男孩子我认识，他只是去帮他朋友的，他也是第一次见那个被打的小男孩，打人的那个也受到了处分，可是那个被打的男孩也特别狂你们懂？,-1
首先这不是以暴制暴，虽然是非常规手段，但是都是在讲道理，让他明白被欺负的感觉，另外，这样很有用[摊手]比所谓的老师家长学校和制度改革有用一百倍一万倍不是么[摊手],-1
看着很解气，小混混真的是欺软怕硬的，不这样真的治不住，最主要还是这些混混没人管，拉出来打一顿就学好了，键盘侠站着说话不腰疼[doge]这不是还没打人么，怎么以暴制暴了 ,-1
校园混混拳打脚替小男孩，而这几个大哥全程都在说话没打人，圣母侠大概都瞎吧,-1
跟美国的机车车队一样，用威慑力制止暴力，但不付诸暴力，不仅可以有效防止欺凌，而且可以避免进入以暴制暴的恶循环。 ,-1
我以后有孩子，我也会教他，谁打你打回来。其他的都是狗屁 ,-1
有本事，就去欺负比你强的人。 ,-1
塔利班很猖狂，美国以暴制暴。如果制度有用，联合国可以让全球和平吗？ ,-1
以暴制暴不能解决问题”那警察抓人也是以暴制暴，说这句话的人给个解释呗。 ,-1
这个小同学会被打的更惨 ,-1
小王八犊子就应该收拾一顿 ,-1
正能量转发，第二为肌肉男转发 ,1
正能量值得点赞。总觉得处理方式不怎么对。视频拍完就真暴打一顿吧，不解气呀！这些王八犊子，欠揍 ,1
好 好好,1
我只想问后来那些人真的不在找他麻烦了？,-1
萌勐勐：我也需要帮助！！！我经常去向别人要保护费！他们不但不给我！！他们还打我！！好气呀！！求帮助！！！,-1
我不管你们怎么理解这件事，我就想说一句话：干得漂亮！！！,1
"如果说这个视频是以暴制暴的，请问你如何有效制止类似暴力事件。不是你的孩子被欺凌，不是你的孩子走投无路，你当然说得好像很有道理！如今的很多孩子都是无纪律，无组织，无道德，无爱心……这个视频也算是因材施教，那些只会欺软怕硬的孩子就要让他浅尝""硬""，而不是等他走出社会才后悔！ ",-1
最重要的是需要有健全的法律来约束惩治青少年犯罪 如果未成年人犯法监护人承担刑事责任和民事赔偿责任 家长的放纵 学校与社会的冷漠都会造成现在这样的校园暴力频发 面对校园暴力就三个字：打回去！ ,-1
反正我觉得挺好的，教育？？教育有用他们就不那个批样子了！给老子打到死，要是不是录视屏，老子真的是打到他喊妈 ,-1
这些行动是有意义的，当然家长应承担更大的责任，有时间看看那些评论更有意思，总有那么多不做事却觉得自己能保持永远正确的人。 ,0
一群欠揍的逼簧子！多行不义必自毙，恶人自有恶人磨！这种人，到最后自己怎么死的都不知道！ ,-1
谁说以暴制暴了？！人家压根就没动手，哪来的暴！反正我看的爽！有些人就该这样对他！ ,1
希望校园暴力事件，不应该成为社会自发组织力量来干预，应该是政府成立专门机关来依法治理！因为社会自发组织力量很容易导致团体纠纷和混战！ ,-1
让他们尝尝被欺负的滋味，应该还可以，又没真打，毕竟都是15.6岁的孩子，你让国家法律怎么管，难道判刑？ ,-1
这些小混混对小男孩造成多大的心理打击啊！！,-1
建议学校和家长可以多关心孩子被这样勒索的事情，还有冷漠的人走过瞬间真是心痛....希望国家能真正解决这样的问题……被打得这样，很吓人，还有这些人小小年纪就勒人钱财以后？？？给个教训我觉得是应该的……再说教练们没有打，只是警告！希望注重这个问题！ ,-1
这个小男孩这么可爱竟然还被打！！！！气人！！,-1
支持抵制校园暴力,1
哥们，你做这事挺有意义。坚持啊，需要什么的一起来,1
应该给这小孩打马赛克，另外你开场白应该说慢点，嘴太快了字不清楚。 ,0
赞赞赞,1
我的哥，啥叫以暴制暴啊，评论里有些人会不会说话啊，咋就暴了？实话说吧，这些所谓的小混混就是欺软怕硬，欠收拾 ,-1
这些孩子就是欠揍，如果揍了也没用，就多揍几次。,-1
我觉得以暴制暴还是可以的，只是方法不太合理！我觉得以后要选择个小混混多的地方实行应该有效果！就像犯人犯罪就遇到枪毙一样！ ,-1
校园暴力，再不作为，真的会毁了下一代人。 ,-1
都是些欺软怕硬的货。只有给他点颜色就晓得厉害了，不然以理服人？说服教育能好？,-1
对于校园暴力的成因我们要有所反思，到底是家长，学校和社会的问题，还是现在教育体制的问题？这是值得深思的，每一位家长都不希望自己的孩子受到欺负，那么请用质疑的眼光看待一切，想办法解决校园暴力。 ,
干的漂亮！ ,1
好牛逼啊！我要给我儿子去拜你们为师去[赞][赞][赞][赞][赞] ,1
想起我们学校以前有个女生    她是智力有点问题， 但是我觉得她很正常啊， 可能不会说话吧，或者有时候打扮奇怪吧， 但是也没有什么说出来的话不适合，她人黑黑瘦瘦的   经常被女生欺负  男生也有欺负她，不过比不了哪些视频的十几巴掌又踢的，她承受更多的事“眼光暴力” ,-1
大哥们做的很棒[爱你] ,1
[赞][赞]一定要让孩子有个强健的体魄，至少要从体型上让人敬畏！ ,1
不理解你们说以暴制暴咋想出来的～如果受欺负的是你，这词你还想得出来吗、想想小时候你就没有被欺负过？ ,-1
这些流氓欠揍 ,1
虽然是欺负人的可能是未成年的孩子 但还是要做些教训给他们 不能草草了事 最好带去派出所 登记他们名字和家庭住址 联系他们学校和父母 要把根源解决了 ,-1
我乃当世关云长，这种事情以后我见一个打一个。当初我也深受校园暴力的害处。小学时我太小什么都不知道，有一次妈妈忍无可忍专门在路上截住欺负同学的那几个调皮鬼高年级学生，那以后，他们不再欺负我还对我好的很。后来大一点去了远一点的学校不在妈妈身边，我呢就麻烦了,-1
抵制校园暴力,-1
太棒了 大快人心 ,1
校园暴力大多都是网络暴力衍生出来的东西，应该净化和教育为主吧[加油] ,1
这个哥们三观有问题吧？[摊手]我也是不太懂有人关注 ,0
我小学初中都是被这样欺负过来的，尤其初中，去学校就担惊受怕的，搞得现在都胆小怕事，有时候常想，那个时候要是有现在这样的思想，就不会那样受到欺负了。 ,-1
国外不也有这样的组织吗 希望能发展成一种慈善机构 其实这就是作慈善 有些事就只能用这种方式威慑 ,1
觉得中国应该有这样的“团队”，并不是说报复，而是帮助被欺负的孩子走出心理阴影，也让欺负人的孩子“改邪归正”[doge] ,-1
这帮孩子给他讲道理是没用的，像他们这样的年龄眼里只有实力，没有道理，这不叫以暴制暴，这叫让他们认清自己！老董！我支持你！你做的对！,1
有没有想过，这个视频一经播出，当那些欺负人的人知道真相，那么 那个孩子会怎么样 ,0
虽然视频做的挺有诚意的，但莫名有点用力过猛的感觉，之前的考验男女朋友也是 ,-1
没那本事就别带个链子 有些小逼看你装逼就想砸你 老老实实的能省很多麻烦 ,-1
[摊手]那些说以暴制暴无用的人就是视频中会冷眼无视走过的路人 ,-1
好有正能量啊 ,1
授人以鱼不如授人以渔。 ,0
在学校我桌子里下面都藏着一把甩棍 你要欺负我哪怕被开除也要扒你层皮 ,-1
反正看着就是过瘾！一天就会欺负弱小同学的那些人 恨不得都拿去枪毙！ ,-1
为什么我突然觉得这种事情看起来还是很暖心的呢。从此小男孩应该会懂事的很多，也会强大起来。 ,1
"至楼上几个回复者，医生拿回扣不是医生的问题，那么官员贪污也不是官员的问题了？警察搞死人也不是警察的问题?拿回扣是犯罪的啊,法律不用执行吗？ ",-1
这不是医生的问题 不要怪医生 现在的社会都这样 烂到骨子里了 官不要说了 就说说老师吧 明目张胆的讲 课就讲一遍 不会的到我家里补 一个从小这样被园丁浇灌的花长大能什么样 可想而知 唉,-1
医患关系恶化不是患者的错，是医药价位高，医疗费用高，医疗服务恶劣，医生对患者的冷漠造成的，而且医生拿高回扣，但是也无人管理或者治理！会产生社会问题！[怒] ,-1
真是让人匪夷所思，制度问题不解决，把责任推向医生或药代，医疗行业一天不市场化，以药养医、医闹的问题就一天不会得以解决。寻思着，怎么好像那会儿天天说地产商黑心，但土地起拍价却一个比一个高一样？[二哈][二哈][二哈] ,-1
可怜的医护人最好欺负。北京三环以内一小时停车费都比医生诊费贵,-1
呵呵，中国整个知识精英阶层整体已经堕落到无以复加的地步，医生教师官员，底层呢？地沟油毒火锅各种问题，一起堕落，有能力有良心的早移民了，比如你，博士。,-1
你提供服务你定价，我提供货真价实的服务国家定价--没价。一台大手术，四五个医生3小时，手术费一千块，无菌手套等等还不能记账 ,0
美国医生挣多少？中国医生合法收入低得可怜，不要养家糊口吗？上海一个主治医生一个月6000元人民币，你认为合理吗？ ,-1
首先这是个法律问题，伸手必被抓！请不要将收入和国际接轨。公务员的收入比美国的低就能腐败、不作为啦？小姐价格比美国低就……服务啦？我不拿工人和农民比较了，我尊重他们！ ,-1
护士更惨，回扣没有，挨打挨骂不落下。 ,-1
关键问题在于，制定医疗政策的那些人，都能住老干部病房，享受特共医疗。所以，医疗政策的好坏与他们自己无关。,-1
卫生部部长还有脸在位吗？ ,-1
叫医生背锅，没卫生局，院长，科长，主任啥事了？ ,-1
我是医生，感觉有解。有种医院不要设立药剂科！药物完全社会化！敢不敢？砸的是谁的饭碗？抢了谁的利益？首先是卫计委。 ,-1
药价和药品目录都不是医生定的 ,0
博主的担忧是客观的，不是危言耸听。稍有头脑的都知道央视转移焦点，另有目的，但原因怎样人们往往会忘记，直接的伤害和怀疑是很难抹除的，何况相信央视的受众多数没有辨别能力。 ,-1
把所有的医生打翻在地，踏上千万只脚，让他们永世不得翻身，则国泰民安，举国欢庆！ ,-1
现在的诊疗收费好多还是几十年前的收费，医生不靠买药都饿死，美国医生收入那么高也就不存在这个问题，提高诊疗技术收费，让医生能靠自己的技术吃饭。 ,-1
美国的医生准入门槛高，你考得上，高薪没问题，但如果你拿回扣，暗地里害病者，违反法律，则会吊销营业执照，这辈子都不能行医了 ,-1
法律的无力，制度的腐烂，无良的人构成以上种种。看着他们一个一个的信封收到口袋里边，听着他说一个月帮你赚一台新手机，心里凉凉的。一个国家最基础的医疗卫生事业竟是如此令人心寒。,-1
但是也不能一杆打死所有医者，也有日夜为生死赛跑的善良医者。希望自己的子孙后代不再生活在这样的社会下 ,1
曹操征讨袁术克扣军粮，群情激奋。曹操把粮官找来说要借他脑袋一用，粮官呼冤说克扣军粮可是丞相下令。曹操说我知道错不在你但杀你能够平息众怒。掌刑官拎着粮官脑袋在军营示众，果然官兵山呼万岁，一鼓作气打了胜仗。只是士兵依旧饿肚子。,-1
这个社会离谱到这个程度，是多么难以想象。却是我们生活的地方 ,-1
医疗，教育，法制三大体系戳穿底线烂到根，还有治吗？光明有吗？ ,-1
你弄错了，不是50％是75％以上 ,-1
这就是看不起病的真正原因！老百姓是生物链的最底层～ ,-1
中国目前的房价那么高，靠正常收入谁都买不起，当然这并不能成为贪的理由，最大的问题还是体制和信仰 ,-1
博士应该深挖下去 ,0
感觉无解,0
一直这样啊  有什么大惊小怪的 ,0
央视，你咋不说是谁定的价钱，是你爸妈当官的定的哦 ,0
二、三十年前就是如此，没有什么大惊小怪的。 ,0
现在家周边马路全部被划成收费停车位怎么说？ ,0
：利益重新分配，名称还是高大上，整治乱停车，结果越整越乱！都是套路，社会烂了！ ,-1
博士请您好好调研下就会发现养视就是一个混蛋！把医改的失败推给了底层的没有话语权的医务人员！,-1
开始污名化医生，污名化教师，,-1
还得从源头抓起就看领导怎么做了……意义也不大……,-1
砖头不贵，为啥盖成房子就贵了，你知道原因吗？告诉你是建筑工人吃回扣了，呵呵 ,0
你先把医生工资调高点再说话吧，每个月累死累活拿那点工资，都说医生工资高，高个jb，你怎么不看看有多辛苦？？？非得每个月下来吃不起二斤猪肉大家就高兴了？ ,-1
人民日报小编 希望你明白 你的微博很大程度上会影响社会舆论 所以你们播新闻之前麻烦想到后果 做好审核 ,-1
尼玛不要老黑医生好吗？药价你定的，怎么买也是你定的医院要哪些药也是你定的！药商联盟什么协会也是你整的。就因为两会要话题尼玛就不要脸把医生护士这些让人尊敬的职业抹黑了？还要不要脸。 ,-1
我想说我身边认识的医生怎么那么有钱呢，[污] ,0
没必要因为老赖医闹就把医生塑造成绝对的弱者，也别因为回扣谋杀了很多真正的白衣天使 ,1
日人民报睁眼说瞎话？明知体制问题，却要给医生扣帽子，转移雷某案的视线？果然是X媒[摊手] ,-1
房价好高，都怪售楼小姐拿提成怒,-1
评论区已经让喝我血吃我肉的白衣天使占领了，拿我的血汗钱还有理有据，回头给他们立个牌坊！ ,-1
难道不应该调查下为什么招标价格那么吗？把一切责任推给医生，医生是不应该收。整个医疗行业不应该整顿下了吗？以前以药养医，现在国家又想怎么办？ ,-1
我说人民日报，你有意思吗？干嘛非抓着医生这一个群体大作文章呐？我承认，是有一些医生行为触犯了底线。但是你也总不能揪着不放吧？为什么不深挖下去呐？全国所有的医院、所有的医生、所有的省市县级卫生部门的相关负责人，当然，还少不了卫计委的领导们，他们就真的一清二白吗？ ,-1
还记得前几天穿铅工作的医生吗，做着同一个行业差距怎么那么大呢，让人寒心,-1
党国：我就是想不花钱又想医改，还要处理掉老龄化 决策团：那就抹黑体制医院，洗白莆田系，逼着好医生都去私立医院，这样好医生工资高了，工作量小了，穷人家的老不死疑难杂症治不起都死的快了~一箭三雕 党国：妙妙妙 ,-1
央视，人民日报，都在报道医生吃回扣，那为什么不吃回扣的医生就没见过你们报道，就为了博眼球发这么个带有明显偏向的微博，建筑行业也有人拿回扣，金融行业也有回扣，我想问问，你们新闻业回扣有多少,-1
那这样话，医生拿40％回扣，那同样的药药店是不是应该便宜40％？有吗？还不是一样价格，有些医生确实挣得多，但是看到他们多辛苦了吗？学了多少东西加了多少班写了多少论文吗？我真是呵呵了，真不明白媒体怎么寻思的，我不信记者会比医生挣得少多少，说到底医生除了提成的工资少的可怜。,-1
呵呵哒，我给你医生的基本工资然后oncall24小时 外加医生的压力和工作量你愿意吗？？不愿意就别在这里b来b去好吗？？[拜拜][拜拜][拜拜][拜拜]不去抱怨体制而是把罪都给予了一线人员。没看过医生？有良心吗？？？[拜拜][拜拜][拜拜] ,-1
生活中的绝大部分烦恼来源于穷[二哈]你问问看现在普遍的医护人员哪个是富翁？哪个高官愿意自己孩子学医？有几个公务员不干去当医生？大部分穷的只有生活费。不去斩断根源，杂草永远丛生！伤的是医，痛的是患！破容易，立可更难了！望国家三思，三思，三思！ ,-1
有本事别让公立医院自负盈亏啊！ ,-1
很多人不敢得罪医生就把气撒到护士身上,-1
说得好像只有药品吃回扣[摊手]你的衣食住行出厂价格都很低，但老百姓手里不还是一样贵[摊手]有买卖利益就会有回扣[摊手]哪个行业的销售不拿提成？药品不是商品吗？不去追究制度问题，不去查清楚药品竞标价格为什么定那么贵 一直不停强调医生吃回扣，让不明真相的老百姓骂大夫，这就是你们想要的？ ,-1
不合理的体制比少数道德匮乏的个体更可怕。少数人毕竟是少数人，不合理的体制会让多数人背叛他们自己。如果只拿工资真的会活不下去，体制这样。大部分医生入行是怀着理想的，真的是生活所迫。拿回扣让他们觉得这些也没直接拿病人的，会有一点心安。招标价格怎么来的没人追究只说差价。对医生未免不公平 ,-1
医患关系越来越严重是有原因的[拜拜] ,-1
不止药品这样吧，想一想哪个产品的价格生产出来会不是高价的呢，比如手机，服装，楼房，食品，等等。一味的盯着药品，别的不管吗，该不该反思。 ,-1
房价贵怪房地产中介一样，都是如出一辙。没什么鸟用，深层次的东西谁敢动？ ,-1
讲真我倒是没发现我身边有谁拿回扣 ,0
甩锅的是你们谢谢[微笑]我只想问，一个医生开一个药拿40%的回扣，那么我可不可以在另一个良心医生那里用该药品60%的钱买到同样疗效的药物？我认为回扣只是同类药品之间的恶性竞争产物，没有回扣患者也不能享受实实在在的实惠毕竟价格不是医生定的呀[摊手] ,-1
以后法律加一条“谁吃回扣直接无期徒刑,-1
中国医生， 也许只有悲壮地从这个世界消失掉， 才能让世人知道他们的宝贵和重要[摊手] ,-1
真的是少数吗，有没有想过，穿铅衣工作的，院外救人不留名的，连做好几台手术不吃不喝的，累死在工作岗位上的，假如他们都不能例外，如果根本没有什么害群之马，那么到底是马群出了问题，还是牧马人出了问题，亦或是牧场主出了问题,-1
用词不当，不是少数，是多数！！！前几天陪一个朋友去厦门中山医院看病，不到几分钟就看完了，其实没啥大事也就是没睡好导致内分泌失调，结果去取药时居然要200，吓死宝宝了，自己去外面门诊看100顶天了！现在的医院真是披着白皮的狼！,-1
医院医生吃回购是公开的秘密，一个三甲医院的医生每月都有万元以上的回购收入，主任医师就更多。在中国，医院是事业单位，但其行为却更像企业，资源高度垄断，不吃回购实在对不住上帝。只要医院不彻底放开，让医疗行业通过市场进行充分的竞争，医生吃回购的现象根本就不可能消失。 ,0
一大波涉及到利益的医生护士正在围观评论来的路上,0
得了吧，少数,-1
生命无法选择，生命不能等待，救救我的孩子。 我儿子潘一鸣现两岁9个月，十个月大时确诊为神经母细胞瘤。家人无情的抛弃，我一人带孩子四处求医两年，早已负债累累。再无钱给孩子继续治疗，孩子病情恶化，生命垂危。希望好心人帮帮我们母子，跪谢 ,-1
没有谁闲着没事去故意挑拨医患关系，媒体每天对各行各业都有曝光，难道就是否定所有社会群体了吗？！有问题就要敢于承认，而不是一下就炸了毛。医生不容易，医生辛苦，可是哪个行业不辛苦？老百姓的每分钱都不是大风吹来的！真正的好医生此时不该唾弃锅里的老鼠屎吗？哪来那么多精力和媒体叨逼叨？！,-1
做过医疗器械销售人员，内情不提，只是不明白为何大家矛头对准的不是国家药品价格规定和医院招标价格规定？ ,0
不是害群之马害整个医疗行业背黑锅。。。是无知媒体乱扣帽子！药价从来不是医生医院定的 ,-1
我只想说一个事实，2016年新出炉的国家医疗总支出占GDP百分比排行榜，我国为4.6%排名第145位（全世界224个国家和地区）。请问国内媒体对此做过宣传么？,-1
体制有问题，所以吃回扣就理所当然了？ ？？？任由其发展的话以后回扣越来越大屁民直接家里等死就行了呗您还看得起病？？？这都能洗，简服了。每个行业都有每个行业的苦楚， 记得上次报道的年薪百万穿上万羽绒服的？ 人家这是合法收入，所以这行业没高薪？不见得。 ,-1
治标不治本 ,-1
央视这次是对加剧医患矛盾出了一把力 ,-1
我只记得当时只是结膜炎  一瓶十多二十块的眼药水就ok  但是开了三瓶进口药花了三百多?????? 后面又一次因为结膜炎看医生，同一个医院，那个医生说你这个小问题，你就别在我们医院买药了，我给你开个单子，你出去买，几块钱就搞定了。   希望以后要当医生的同学不要因为利益，忘了自己的初心。 ,-1
少数！！！！！！你信吗？ ,-1
有人通过抨击“以药养医”的政策来混淆概念。“以药养医”是医院按药品进货价的规定比例加价销售，利润用来补贴医院在政府投入之外其他的运营成本，是在一定历史时期内受政府监督的行为，需要接受各种审查审计。“医生收回扣”是个人行为，完全在黑暗中操作，说穿了就是商业贿赂，真怨不得政府。 ,-1
国家是不是解决不了人口老龄化的问题啊，养老金缺口太大补不上了对吧？把医生都逼转行了之后，这些问题就迎刃而解了是不是，因为人都死完了啊！ ,-1
人民日报，抓重点解决主要矛盾！连发5 6条微博，看了评论，着重修改了措辞，一遍一遍发，试图解决大家的舆论质疑。但是说永远没用！！！重在办事，重在体制，重在解决人们质疑的根本矛盾！ ,-1
作为一个正面的公众平台，竟然发表这样的未经证实的言论，和社会上的那些小人有什么不一样？对你表示绝望 ,-1
这种现象很多呀，医生开了药方，指定你到医院附近的几个药店抓药。这不是个别现象，而是普遍现象了,-1
看起来很多人觉得人日不能批评医生?[思考]仗义?直言?维稳?洗地?利益?水军?[思考],-1
食堂做一客饭成本要10元，但是政府只让卖2元，政府补贴食堂1元。现在食堂联系了一个供应商，让它付一笔钱，只用它家的菜，又收了点餐盒费，调料费，终于不亏本了。政府说，你看食堂多黑心，我只让他收2元，结果他收了这么多钱。众人觉得，说的很有道理，政府真是太好了，食堂真是太黑心了，打倒食堂。,-1
某药出厂10元招标定价医院卖100元挂号5元大致分配：医药公司20元医药代表20医生20医院20招标定价部门10+，其实应该这样：挂号50元药物15元，医药公司赚5元医护医院50。看病便宜了医护价值体现了！但是医改你有魄力这样改吗！你得动多少人的蛋糕！最后还是让医生背着锅！现在学医不行去卖药可发财！ ,-1
还是中医好，想开高价药都很难。同一味，同一质地的药材，天下的价格都差不多。西医天天研发新药，就为赚钱。便宜的药不生产了。以前维生素b，不过几毛毛钱一瓶，现场摇身一变成B族维生素保健品，两百块一瓶。药店拼命推荐。猫腻啊。 ,0
既然有人乱收费 那就应该加大法律制度啊  判个无期 看还有没人敢,-1
转移社会矛盾，雾霾的矛盾是针对政府的，政府马上搞出来医患矛盾转移注意力！真是阴险！,-1
医生要是真拿了这么多回扣 为什么你在医院开的药和药店几乎一个价甚至比药店要便宜？那药店的回扣被谁吃了？这个回扣的锅是要医生背还是要体制背？,-1
真是醉了。治病救人成完业绩了。人变了也不会顾及其他了，和雾霾是一回事。,0
你爹临死前没留点钱给你治脑子吗 ,-1
你个傻狗，……社会有你这样的怎么能进步,-1
谁都没少赚，偏偏把医生供出来了，不地道啊 ,-1
医生待遇低大家都知道，这个社会从事正当职业的都没有暴利，都过的不容易。那大家也不能拿最无助的群体开刀，去从他们身上挣昧良心的钱啊,1
敬业的医生是受人尊敬的，没人会逼敬业的医生。你不要把敬业的医生和收回扣的医生混在一起。大家骂得是缺德医生，你家人没收回扣你蹦出来找什么骂啊？ ,-1
那普通医生怎么活？ ,0
等你们有良心不挣昧心钱就知道了 ,0
等你快死的时候你会后悔的,-1
我群里的医生们普遍认为不是他们的错，为什么不能拿？从上到下都在拿，凭什么他们拿了就要查？我不发表意见了... ,0
哈哈哈，我就想到一句话，冤冤相报何时了 ,1
工作6年，3年前药价就从88降到26，对的 医院渐渐控制医药比例，药价水份越来越低，然后挂号费之类的费用就渐渐上调，有关部门都在控制，做药代的朋友前两年25万不在话下，现在辞职，不赚钱，还要补亏，不要羡慕国外医院，等到我们做到欧美的条件你就明白 优质的医疗条件都是给富人准备的 ,-1
中国的医院有问题，医生也绝对是有问题的。各种洗白都改不了你们欺骗无数消费者的事实！你说医生辛苦，我就想问问，哪个行业不辛苦！没钱是你犯罪的理由么？是你坑骗同胞的理由？[怒],-1
我想请问医院的问题，医生的问题在哪儿，是怎么坑的同胞，是不是归根结底就是医院费用高的问题。医院费用高和医生有什么关系，订药价，诊疗费的又不是医生，一句医生拿回扣就把黑锅扣头上了，医生拿没拿回扣你知道吗，为什么污蔑医生的可以肆意妄为不负法律责任。 ,-1
医生和患者都默认的事情，两边都没说话呢，看让一帮子网红这几天给闹腾的！新闻热点不拽几句，保不住网红的地位压不住他变了态的心？！！…………既然是事实媒体就可以报道！医生和患者对此事不发表任何意见！(部分大V有点失去理智的态度其实是权衡过的)请那帮网红大V不要再煽风点火激化医患矛盾了！ ,-1
患者怎么默认了？是没办法吧 ,-1
放屁！患者自愿被医生宰？那是因为没有议价权。心里咒你们这帮孙子早死！ ,-1
我想政府要这么干，信息社会历史会证明。,0
医院都出这么大问题，国人无所救了！ ,-1
一个医疗，一个教育。把事业全部转成产业本身就是问题！ ,-1
一个毕业不到十年的医生在上海房子买了又买，今年又买别墅了，我想问他钱从哪里来？收入多少能满足？什么物质能满足？一个月收入百万是不是要跟李嘉诚比呀？ ,-1
农民要是一斤粮食卖十万，你们可咋办？有博士证，会种地吗？会种地，你有地吗？ ,0
哄抬物价给你抓起来 ,-1
看到大家一顿瞎喷！三个字，直奔主题：物价局！！！ ,-1
跟左派和右派有什么区别？中国有技术的医生肯定有，如果不给他们一个没有金钱利益的环境，消灭外围的行政利益统治，也许当前教师也同样没如此拜金！说到当前最拜金群体，当然是那些有着农民身份，但不想当农民的群体！他们“打”遍天下，就想证明自己不是农民。农二代家三代早不知农耕生产了！ ,-1
在当今社会，媒体记者才算是最道德败坏的一个群体。,-1
哪个行业都有回扣只看到拿回扣的医生，怎么没看到没拿的，一杆子打死所有人，医生能决定价格？医生不拿回扣要价就会下去？闹腾了有些治病的关键药停用了，受苦还不是老百姓！制度上漏洞把责任全推给医生合适吗？激化矛盾目的就达到了？既然医生那么能赚，那每天就开药好了做什么手术，本人非医务工作者 ,-1
为什么不多关注官员贪污受贿养情妇，天天盯着医生拿回扣，医生救你命，难道不该多挣点钱吗？傻B媒体天天在那瞎BB，真是够了[二哈][二哈][二哈] ,-1
天看新闻医生开药吃高回扣，我就查了刚在医院开的药，本来就有点怀疑，随手一挥，在药房抓药不是500就是1000！在大药房一查所谓的100的才二三十！真他妈黑心！ ,-1
医生回扣占药价的30%到40%？放你妈的屁！ ,-1
卫计委不作为！历届卫计委都是人民的罪人！ ,-1
自古医疗就不是给穷人准备的，便宜又想看病，被糊弄了知道不？ ,-1
有一个关键 必须要让医生的收入得到切实提高，要放在明处，不然，待遇不好，回扣没有了，还是会想其他办法敛财 ，另外 医学院也是高分的学生才能进的 ，不解决未来的收入问题，以后谁愿意来当医生 ,-1
药品价格是政府定的，医生不拿回扣，经销商可以赚的更多，也到不了老百姓手里呀？哪些要可以进医院，必须以什么价格卖，这可是政府定的呀？医生收回扣，肯定不对，但是这和药品贵有关系吗？央视就会转移矛盾，把政府对药品流通的垄断造成的药价虚高往医生身上推？ ,-1
医生很辛苦上海医疗系统平均26万年薪还不足以弥补，所以那点回扣是应该的。 ,1
毫无底线！毫无人性！丑陋！恶心！,-1
你可以去药店买，对比一下，无知，看不到本质 ,0
医药分离，国家把钱独吞，挺好挺好,-1
谁都没少赚，偏偏把医生供出来了，不地道啊 ,-1
没有买卖就没有伤害，实行全民医疗，免费医疗就没这么多事 ,-1
该提高医生待遇也是真的吧，念个十几年还没有一个程序员挣得一半，还得担责任没日没夜加班还特么得小心有人砍，以后谁还当医生 ,-1
这政府当的和街边小贩似的，除了算计人家兜里的钱，啥都外行,-1
鲁迅先生弃医从文不是没有道理的，以前治不好，现在也是。这个锅，医护人员不背！麻烦物价局出来背锅 ,-1
感觉被卖了....各大机把钱往兜里一揣，给了医生一点小钱，然后出了问题把锅往医生身上一丢，套路深啊，如何杜绝医生拿回扣？这是央视该操心的问题吗？出发点就是错的好吧 ,-1
呵呵。儿科都没有急诊了。你们还想怎样？ ,0
这个可真让人恶心！ ,-1
我朋友卖办公设备的，有单位来采购，其中市价50多的优盘让写发票380，算不算贵？我觉得，谁掌握了采购权谁就有了发家致富的途径。不管是药品还是棺材。[思考] ,-1
我支持你们打击！向着美丽的英国全民医疗前进！ ,1
怎么回扣法还真不了解。但医院药品的药价是有政策限定的，在供应商的卖价基础上去加成。不是你想卖多高就多高。有些药医院卖那么高，纯粹是供应商的卖价就高呀。这是整个制度的问题，现在已经集中平台采购药品了，但并没多大用，君不见便宜药品越来越少。医生也想开便宜药呀，前提是得有便宜的药可卖呀 ,0
媒体你们不要误导大众，看病贵是医疗体制问题，医院占大头，不好屎盆子扣到医生头上，这样只会加重医患关系，毕竟大部分医生还是有职业道德的，他们很辛苦，付出也很多，本身就应该高收入,-1
早都不知道吃多少年回扣了 ,-1
这个世界怎么了，，，精神病态比身体的疾病更可怕,-1
让我说堆脏话 ,-1
"橘生淮南则为橘，生于淮北则为枳。""真的是这块土地不行? ",0
公立医院财政不拨款，自负盈亏，政府甩包袱，转嫁责任到医生身上，可悲啊！ ,-1
难得王局一个局外人能把这个体系里的事情说的这么清楚，希望你的文章能发挥更大的影响，让更多的人了解医药代表这个行业，如果能净化掉行业内的歪风而不仅仅是运动式整风甚或一刀砍掉整个行业，那应该也是中国医疗系统的幸事了。 ,-1
写的很不错，中成药这样的无效或者山寨药的利润才是整个回扣的根源，他们卖的多回扣多，别的正规企业只能硬着头皮变着花样跟进。不幸的是中医药法刚通过，这事还要持续50年，不过老百姓不用痛苦，国家医保买单，和你们没关系。我一哥们在外企做医代朋友圈基本上天天五星级玩着开会，也不错 ,-1
基本信息对的，给外行看看还是不错的。医药代表不应被妖魔化。另外，补充一点医生的处方模式：既有效又有利益的药，首选；有利益但没啥疗效的，跟有效但利益不高的药搭着用。只用有利益而不管有没有效的药的医生是不多的，很可能本身专业水平不高。 ,-1
"2006年，哈医大二院天价医药费…医院的现状""领导干部帝王化，普通医护人员奴隶化""… ",-1
我有两点体会，1、中国人就是典型的放下碗骂娘，不论是医药行业，还是汽车行业，都是在外资技术下，中国的技术得到巨大提高的，从手工到机械化，现在媒体却是一边倒的在批评中国什么都没学到，这是个不好的风气。2、历次医疗改革都是在拿软柿子捏，捏来捏去从一个极端导致另一个极端，医疗风气没有好转 ,-1
呵呵，明明是制度的问题却让医生和医药代表背这么大的锅。一副洞悉一切的样子真恶心,-1
读了这个文章，就知道一定要坚持拒绝医生开的中成药注射剂处方,-1
全国数不清的医生不拿回扣的又有几个呢 ?作为中国的医生工作量大收入一般还动不动就医闹砍人明明是救死扶伤的天使明明制度的矛盾却总是拿医生做挡箭牌。??医生薪资和劳动付出价值不成正比?医药公司为何不注重研发只会仿制国外？??医生拿回扣被央视定为药价高的原因，却是真的很冤枉！?,-1
?作为中国的医生工作量大收入一般还动不动就医闹砍人明明是救死扶伤的天使明明制度的矛盾却总是拿医生做挡箭牌。??医生的薪资是否和劳动付出价值成正比？?医药公司为何不注重研发只会仿制？?医改制度是保护自身利益还是拯救众生？?医生拿回扣不对，但被央视定为药价高的原因，却是真的很冤枉！,1
人的贪婪是永远无法满足，给再多钱都一样，这是个无底洞,-1
不要提国内医生收入低，国内医生凭什么高？一个小病振振有词的不能确诊，要化验、要CT 、要核磁……你敢说这一系列过度的检查后面没有你们的提成？舔着脸说国外医生待遇怎么样、怎么样，国内医生有国外医生的诊疗水平、职业操守吗？国外医院有国内医院这样的过度检查、过度医疗吗？ ,-1
因为医闹，不给你查全了，万一你有某些罕见病死在医院里，医生怎么办？给你下跪还是给你赔钱？所以现在的医疗状况就逼迫医院必须把检查给你开全了，但凡有点症状都要查，把自己的一切责任证明的清清楚楚，最后有医闹医生也就不怕自己背锅了。,-1
这不是医生的问题 不要怪医生 现在的社会都这样 烂到骨子里了 官不要说了 就说说老师吧 明目张胆的讲 课就讲一遍 不会的到我家里补 一个从小这样被园丁浇灌的花长大能什么样 可想而知 唉 ,-1
我就想知道 我儿子上幼儿园之前能不能把老师整顿一下啊，据说幼儿园都逢年过节排队送红包了…无语了 ,-1
我是医生，感觉有解。有种医院不要设立药剂科！药物完全社会化！敢不敢？砸的是谁的饭碗？抢了谁的利益？首先是卫计委。 ,-1
那些官员的子弟几乎占领了医药采购的全部环节，盘剥患者，一旦出现社会矛盾就把一线工作者推出来当替罪羊！ ,-1
央视其实很聪明，这么长的利益链为什么只曝光医生这一级？再向上深扒的话估计他们也知道牵涉的都惹不起。其实医生最支持提高诊疗费，减少药品器械灰色收入，真正体现价值。[doge] ,-1
呵呵，中国整个知识精英阶层整体已经堕落到无以复加的地步，医生教师官员，底层呢？地沟油毒火锅各种问题，一起堕落，有能力有良心的早移民了，比如你，博士。 ,-1
博主的担忧是客观的，不是危言耸听。稍有头脑的都知道央视转移焦点，另有目的，但原因怎样人们往往会忘记，直接的伤害和怀疑是很难抹除的，何况相信央视的受众多数没有辨别能力。 ,-1
央视已经腐烂到根部。不去正面面对社会存在的问题，而是推波助澜把医患关系恶化 ,-1
把医生都抓起来，大家争口气别生病，抓了医生药价就能降吗，就能还惠与民吗，抓了那么多贪官，抄出来的钱老百姓看到一分了吗，抓了医生吧，敢抓吗，好抓早就抓了，官抓了有的是人接着做，你能随便拉一个人就来做医生吗？外科专家心脑血管专家儿科专家，那要多少年刻苦钻研历练，容易吗，医生有多苦谁懂 ,-1
让我上头条， 各行各业谁不吃回扣？卖衣服裤子的？开餐厅的？卖手机电脑的？卖狗粮的？快递？如果医院的运转就靠那几块几十块门诊费的话，也就是医院倒闭病人一个肺结核就会吐血躺尸家里的时候了/再见 /再见  如果因为几个人否认全部，那所有行业的人都是垃圾吧/微笑 /微笑 ,-1
如果受了这么多年教育，连回扣和正常销售提成都分不清楚了的话，真的好好笑 ,-1
尊重医生，也是尊重生命。,1
您说得对。但是这几年记者和媒体也被黑惨了，不信任的社会坏境里，受伤的不仅仅是医护这个群体。 ,-1
白岩松这话很无力，我觉得白岩松整天说些废话。任何行业都允许误差和人渣的存在，医学或者说患者同样允许误差的存在，但不允许人渣的存在。但是由于人渣的存在，诊疗行为极易被视为人渣行为。100个医生有2个人渣，那么患者对剩下的98个医生也心怀不信任和敌视。这就是问题的根源。 ,-1
更大的问题在于在信息不对称的情况下，外行无法判断谁才是真正的人渣，按照目前大多数人根据符不符合自己的想象来判断，是很有可能把您举的那2个人当作“好医生”的。[doge] ,-1
所以说，医生是个良心职业，其次，这种人的存在，凸显了沟通能力的重要性。 ,1
子宫出血用纱布填塞止血正常，不小心缝住纱布是事故。为事故狡辩让患者自己承担后果是流氓行为是医闹的罪魁祸首！ ,-1
遇到想讹钱的～说啥都没用 ,-1
请大家三思， 不要再因聪聪家属医闹事件，转发和过激评论该视频了。 事情已经发生的够大了， 难道我们知道的真相还少吗？ 就算是为了死去的孩子， 放过活着的大人吧。 让那些不知道真相的人在心里留下点感恩和对好人还是有好报的憧憬行吗？ 谢谢大家 从我不转发该视频做起。拜托大家了。 ,1
希望医患有矛盾的不就是【】么，把就医困难的矛头风向拉偏向了，大家就不把主要原因指向医保漏洞赤字了嘛 ,-1
到那么多无脑评论，那这些人继续妖魔化医生吧，不出二十年，你们就会看到最后吃亏的到底是谁。 ,-1
我倒是认为是法律的不完善，以及人们对法律认知的缺失。这岂能是一朝一夕解决的？ ,-1
就像事物有两面性，人有好坏人一样，有好医生，也有黑心医生， ,0
那你是希望以后好医生越来越多还是黑心医生越来越多？你们嘴里所谓的“好医生”和“黑心医生”根本不是依照行业规范来判断，而是符不符合你们个人的主观想象，任何一个医生都会在你的嘴里是“好医生”而在别人嘴里就变成“黑心医生”。如果你希望以后黑心医生越来越多，那就继续妖魔化。[doge] ,-1
今天夜班，被一个难缠的不讲理的非人类，说态度不好。我去你mlgb，我都没说一句话。真是想找茬就随地撒野。还随地乱吐！本来上夜班的好心情，全没了！ ,-1
患者和家属这样赖上医院，医院难道一点措施都不能采取？以后岂不是大家都这样赖上医院讹钱？这时候的法律在哪里！只有病人才是弱势群体，医院就该养着他们吗？可笑 ,-1
：医院有什么措施，公立医院全有政府做干预。病人一哭二闹要死不活的，政府就会施压让医院妥协让步尽快解决事情。你以为是台湾医疗体系呢？只有患者对医护人员进行不是言语攻击和肢体冲突就可以去法院告患者，如果内地也如此以法律维护医护，就不会有那么医生被杀，被伤。 ,-1
最后吃亏的还是我们这些人,-1
终于看到点正能量。 ,1
但不得不说，其实基层有些医生真的很没医德！专业能力另当别论，但是医德真的不行。像这一类的事，都是比较极端的。很多时候，大部分患者其实还是处于弱势。 ,-1
之所以会有高端私立门诊的产物，一方面是客户具备更高素质，二是医生更受尊重。对于医闹，我们用好的服务，好的医德，和实际保护行动来挥手告别。,1
为有良心的媒体点赞！不因为我是医生 ,1
这些矛盾都是郭嘉故意转移到医生头上的 ,-1
现在公立医院是人满为患，而医生与医疗配置严重不足，患者看病的急切心情得不到好的及时的服务与满足。在等待中就无形拉大了医患的距离，并产生了愤恨恼怒的情绪。 ,-1
作为一名医学生 我所能做的 就是在已知科学的范畴中严格要求自己探索未知的科学 ,0
对这类新闻(以及评论里的恶意中伤与蓄谋抹黑)都已无力评论，但还是评论最后一条吧。这纯唯利是图、损人不利己、颠倒黑白、搬弄是非以及无理取闹的好品质令人胆战心寒。按理说，认识字会打字发微博的应该是受过一定的教育，这如此无知愚昧、不知就里、胡言乱语的本事令人望而生畏，可怜其身心皆受奴役。 ,-1
希望好媒体继续努力 ,1
都指望不上，还是交给时间吧。有时真的很寒心！ ,-1
把医护人员都打死砍死饿死了，中国就可以成为旁边哪个国家的殖民地了，卖国贼的阴谋就得逞了。 ,-1
说的真好！,1
所有医闹和助长医闹的媒体都是辣鸡,-1
社会发展过程中必然出现的矛盾 生活富起来 贫富差距拉大 人性丑恶放大 为了钱不择手段。改变的方法：要么所有人都富 没人把钱当回事 要么所有人都穷 重新回到人人一无所有却都抱团和谐的年代。这些发展中的矛盾 还会新生更多矛盾 根本都是钱！钱乃万恶之源！没钱拿什么谈道德？经济基础决定上层建筑！ ,-1
祝山东台全家永远健康。 ,1
说到医患关系，第一个就得说 莆田系 这个挨千刀的！ ,-1
使医院无过错，患者也不会受到惩罚吧，一句我不懂，一句人道主义援助就能模糊过去了。心凉。 ,-1
打不还手，骂不还口，最后还要微笑着给人家治病，这就是医生 ,0
没有医患矛盾，患者是来求医，自古以来病人生病家没钱求医生救人都是下跪的，那叫做求医，哪有什么矛盾只不过是恐怖事件罢了 ,-1
医学生表示很怕 ,-1
 在嫉妒医务人员事业编的时候别忘了，以后随着事业编的取消，外资及高端医疗机构的发展，公立医院将更难留下好的人才！,-1
自从有了医闹！近几年愈演愈烈！就真的没有想'再做医生的想法了！边上也发生过，其实特别担心自己的人生安全啊！,-1
医患关系的恶化媒体的诱导性报告是脱不了干系的  自作孽不可活 能耐就一辈子别看医生 医生还不用那么苦那么累 这些不怀好意的患者就该去死,-1
说得太好了,1
作中我从来都不敢得罪病人，因为他们永远都会站在所谓的道德制高点蔑视法律，我出自真心对他们好，换来的多是无理取闹，不知道自己还能坚持多久，只希望自己可以多帮助一些人，在离开之前。 ,-1
最终是两败俱伤的结果,-1
医学是一门经常让人觉得渺小和无力的学科，正因为如此，才迫得每一个人不断以低姿态去吸取新的资讯，反思每一次无力，对不断涌现的未知无能永远保有幼稚的好奇心。身体是供奉精神的庙宇，我很高兴我曾是这庙宇的扫地僧。 ,1
医生不是万能的  医疗难免有意外 医生的经验举足轻重  这些常识在法律面前苍白无力  逼着医生不断开检查  白纸黑字严丝合缝  看病费用居高不下  再加上医保投入不够  喜欢矛盾在所难免  有些无良媒体还喜欢煽风点火 比如纱布门 瑞果网57项检查 还有上百张片子（断层扫描）等等 ,-1
医患关系恶劣不是媒体记者造成的吗，这点怎么不说 ,-1
这种人 本来就是生活在社会底层的 还不知道要多读书多努力提高自我 一点忧患意识都没有 只会无赖耍泼 这样的人终会被社会淘汰的 ,-1
要求患者相信医生的同时，医生这个体系也应该做出点让患者值得相信的事，清理害群之马，改变自身形象，这才是互动循环。,1
放你妈的屁，医院没经过家属同意就把孩子送火葬厂了 ,-1
医患关系中最大的阻力来自媒体好不好……尤其是非正规的 ,-1
媒体记者就断章取义夸大其词。但凡有点医疗纠纷网路肆意编写某院医生医德沦陷，那请问这些年坎杀的医患人员是他们医德有问题，还是这个社会的人见风使舵，看到报道不追求真相就开始言语攻击，等到事情真相出来再来后悔自己的无知有什么意义？那些被患者砍杀的医护能复活？医护的家属们心灵的创伤能好？ ,-1
媒体记者就断章取义夸大其词。但凡有点医疗纠纷网路肆意编写某院医生医德沦陷，那请问这些年坎杀的医患人员是他们医德有问题，还是这个社会的人见风使舵，看到报道不追求真相就开始言语攻击，等到事情真相出来再来后悔自己的无知有什么意义？那些被患者砍杀的医护能复活？医护的家属们心灵的创伤能好？ ,1
良心叫不醒装睡的人，医学也救不了中国人,-1
说好的依法治国呢？医闹们要是有道德觉悟还能去闹？光道德谴责有什么用！ ,-1
向认真负责的人民医生致敬！,1
：医闹是个别问题，绝大多数医闹的家庭人品都是渣渣，在生活中都是结算刻薄之辈。  有些事故也有医生的责任，与医生当时说话的语气态度有关。  中国有两大行业，什么人都可以插一脚，一是教育，二是医疗 ,-1
我反正信任医生,1
以前会热血的驳斥你，现在却很理解你的话。心已凉。,-1
你还是早点滚蛋吧,-1
我们对医生苛刻过？乱开药，乱开检查，误诊，故意欺诈病人，想方设法多榨钱，是妖魔化医生？医疗质量如此低劣，是过分要求？一个小病，一周几个月都不好，这医学无法承受的技术要求？无耻白岩松 ,-1
医生也算是服务行业，要是碰到些胡搅蛮缠不讲理患者真的是挺倒霉的！ ,-1
这种不安全是自作自受也属于自然选择吧。医生不敢给无良的没道德的患者治病，他们生命终结的就更早，被自己的社会行为淘汰掉生物圈。优胜略汰进化论最后会以这种智商道德选择被印证。 ,-1
是中国的狗屁政治，是中国的阶级划分和阶级待遇的惯例撕裂了中国医院与底层人民的正常关系！那么在现实的狗屁政治环境下，如何解决医院与底层人民的关系呢？第一，就是医院不再姓党，而改性基督。第二，撕掉白衣天使为人民服务的画皮，实行合同关系定位,-1
这就是白岩松的混蛋逻辑 ,-1
害人害己 ,-1
先整顿造谣媒体，妖魔化公立医院的医生，为私立医院开路,-1
媒体妖魔化医院的背后，才是真正值得人们深思的地方。他们为什么要去妖魔化？是什么利益在驱使着他们？看看《大宅门》中白家老号的失而复得以及济南小泷胶的明争暗斗就明白了。 ,-1
信任医生才有值得信任的我们未来的医生。 ,1
医闹的根本就是要钱嘛，如果法庭以敲诈勒索判刑10年以上谁还敢医闹呢？道德的约束对于恶人毫无作用，只有铁棒才能对他们有震慑力,-1
白岩松这句话是典型的群体歧视，作为市场经济主体，作为民事合同主体，医生与病人应该是市场决定，法律保障的平等市场主体地位，如果现实相反地位不平等，那么只能说明1、医疗行业充分市场竞争欠缺 2、医患关系法律制度公平保障欠缺；希望官媒不要再提所谓得罪医生最终患者倒霉这类话，显得管理者无能 ,-1
甲：太肤浅，煽情没有用，医疗体制不改革，这样的闹剧还会继续 ,-1
说实话选择从医，真的有点后悔了。 ,-1
恶化根源来自莆田系医院 ,-1
支持一下 ,1
严于律己宽以待人。但有的事不要过分，都是人，,-1
这样的事情已经不断超乎想象，只有想不到的，没有做不到的，而医院和医生除了愤怒似乎已经没有别的招了，我其实都已经不好意思在微信里转发这样的事件和故事了，并不是因为出离愤怒，而是对于人性的无底线，对于无力改变的残酷现实，不知道下次会是什么稀奇事，只知道关于人性的故事仍会继续。 ,-1
说得太对了 ,1
明明是最想让患者平安的医生，却不被信任，不被尊重，最终相互伤害，社会群体尝苦果 ,-1
过于低廉的违法成本+强力的维稳思想=很难得到我们所期望的公道 ,-1
没办法，有些人就这样，去医院看个病，还不忘了从医院里捞钱！！！,-1
这结束语才是正三观 ,1
积重难返，倒霉的还是患者。,-1
需要更多老白这样的媒体人 ,1
道理大家都懂好吧，人家就想讹钱怎么地吧 ,-1
悲哀[失望][失望][失望] ,-1
很多人不知道医疗本身就是有风险的事情，教育也是。 ,-1
医药代表在整个环节中应该起了很大的作用！这样的腐败正在毁掉中国整个医药行业！是该好好整顿重新洗牌了！ ,-1
说的太对了！ ,-1
这个社会上比当医生赚钱的工作还有很多，卖房子、开矿、做金融、做IT……但是，只有两个行业又有钱又有尊严，一个是医生、一个是教师。过去两个职业能被成为“先生”……如今？,1
 药价虚高，罪魁祸首是政府，是物价局，是发改委价格司，官商勾结，幕后操作，广大病患者遭殃！医保的钱通过层层骗保，老百姓当了冤大头! ,-1
自从实行医改以来，中国老百姓看病难、看病贵的问题就一直存在，其病根难道国家卫计委今天才知道？中国药费奇高的原因，难道国家卫计委也是头一回听说？如果是，那又算不算你们的严重失职？ ,-1
药价之高，世界奇葩,-1
在贪官层出不穷的茂名，高州市卫计局长龚小炎和茂名市卫计局长李瑞南，双双在任上被抓，而茂名地区最大的药商，就是掌控着纪检大权的巨贪廖锋之流。,-1
这个简单，学学那些正在接受我们援助却全民免费医疗的国家，肯定不会有这些问题[酷] ,1
看病贵，应该是高层的无从下手和束手无策。 ,-1
医改已成定局的剥削有力，谁也无法接通……,0
政府不能老一出问题就从各级下属身上找毛病？还是得从体制从自身上多找原因吧！老调重弹的事不知还要演绎多少届政府？还要祸害几代人民？ ,-1
监管部门的不作为造就了贪污腐败横行！ ,-1
建议撤销卫计委，因它是害人精。 ,-1
若这次“马后炮”式的“高度重视”真的能解决药价高，看病贵的恶疾倒也罢了，就怕是光打雷不下雨，过后依然，甚至像不断调控的房价一样，越重视越高…… ,-1
烂到根里去了！,-1
医生为回扣滥开药，已呈普遍之势。最近有病去同仁医院看急诊，两日后复诊。复诊时人满为患，医生抄袭急诊医生的诊断，敷衍了事，却开了两倍急诊的药出来。 ,-1
一针见血，点中朝廷的死穴。 ,-1
头疼医头 脚疼医脚。这些猪头就是死不悔改,-1
看病贵不在于那些单位，而是在于人。在法制社会基本健全的今天为什么有人铤而走险，从而滋生一利益链、份子圈、拉帮结派！为什么问题根本得不到解决－个人认为上面打击的不够重、严、为什么新闻曝光有关单位就马上慌了 高度重视？还不是碰到了某些人的底线了。  都说了关键在于人，法治 人治一同进行！ ,-1
揣着明白装糊涂…… ,-1
国家的命运悲惨地落入了一帮“文明”流氓的魔掌之中…… ,-1
卫計委就一块臭肉，到哪哪腥 ,-1
潜规则成了突发性的秘密！,-1
西医医患关系紧张，一部分原因是什么病都治。很多病西医没有有效办法，但是还硬着头皮去治，结果没有疗效或者情况更糟时，患者把怒火迁移到医生身上。可笑的是，很多西医鄙视中医，说如果吃中药就别来看病了。这不傻子么，有人愿意分忧还不领情。要我是西医，遇到治不好的病，肯定让找中医试试。 ,-1
失败的医改是首恶！！！,-1
了趟医院算是明白为什么医患关系紧张了。并不是所有的一切都要去怪患者。大家都说彼此互相理解。但是患者本身就是一个弱势一点的群体了。带了点情绪了。没说两句话。就要被护士发火啥的。给谁谁心里也不舒服。然后脾气好的还能忍忍。脾气不好的那真的歹吵起来了。,-1
暴力伤医事件怎么没见你反应那么迅速，这副嘴脸真是太难看了 ,-1
别伪装成不知道啦！电视台都知道的事情，您卫生部倒不知道啊！那真是失职好几十年！ ,-1
对于行业潜规则，现在说什么都晚了，这不是一个人的问题，还是思考一下制度问题吧，医生、药厂、患者都是受害者。 ,-1
呵呵，药价是你们定的，现在百姓埋怨药价高，你们去把医生停职了？ ,-1
别再给伤害医生事件找借口？,-1
"医生们都说了是长时间以来的普遍现象，卫计委如果不知道，是不是管理职能部门的渎职啊？ 
 ",-1
又要马儿跑，又要马儿不吃草，卫生部部长大约脑子里全是屎，早晚有一天我们国家医生被逼的绝迹了，卫生部的这帮狗贼也就逞心如意了，说实话吧是不是老美买了你们来破坏我们国家的 ,-1
医改你改啥了，卫计委？你为啥了？是不是每次有报道出来你才管。好多没报出来你咋不管呀！一开始架构体系不对。你找谁？ ,-1
曝光才知道查，不曝光不查。难道有关部门不知道这个现象吗？懒政！！！ ,-1
 药品和医院分开是不是一个选项，就是古代一样，郎中是郎中，药铺是药铺，郎中开方子，病人拿着方子去哪里抓药是自由！当然，方子的药方和手术必须在医院作的另外讨论！,0
全国都一个鸟样，你查两个地方有什么卵用？不过是演演戏罢了，之前真的不知道吗？ ,-1
卫计委就是个垃圾的部门！这些拿回扣的医生都抓起来，先抓卫计委！一个科室一个月几百万几千万的收入，医生才拿几千块钱的工资！干什么都比干医生强！ ,-1
死了医生到不见得这么积极，发生这种事情关系撇清的到很快。好的自己好像清正廉明一样。医改不知道是谁想出来的，害了百姓害了医生。不知道现在的卫计委是不是别的行业畜生的，出身的。一点也不为大家考虑。,-1
恕我直言 卫计委本身就是一个垃圾的存在 幌子 油水捞的比谁都多 逼装的比谁都像 ,-1
医生药品回扣这事儿，全国老百姓都知道，只有卫计委不知道。老百姓不是拿来忽悠的。为什么那么多医患矛盾？难道全部归咎于患者家属不讲道理？一些医生和医院的形象早已被金钱践踏,-1
天看央视报道才知道为什么会大力报道这个人人皆知的事实，原来医保体系压力太大了，支付太高。之所以曝光，不是为了减轻患者压力，而且医保支付体系压力,-1
